keyword,content
football,University   Florida Unveils   Football Training Center   https           AfLorR
football,    ZionTracy                   COMMITTED           PennStateFball   Coach Ander     STMCT Football   adamgorney   SWiltfong       https         cMPBP GvDm
football,        football happening today   Yeesh
football,  Hopathin Random   queston what football team     sopurt  
football,    CodyCutter             teams   Northern Illinois   -man football went back   forth Friday   when Amboy-LaMoille-Ohio came away from  
football,    TrollFootball   Premier League fans watching other league fans enjoy football this weekend https         BvIUmbRhbW
football,  bless college football   thank   another         team   join   club         these guys https                
football,    SmokeyLowdown       Football celebrating     locker room after                   over         Pitt     video   Parker Ball     story  
football,    AllStarsDigital   AllStars Digital     excited   launch that   want   reward       lucky followers with   Brand   World    
football,    AllStarsDigital   AllStars Digital     excited   launch that   want   reward       lucky followers with   Brand   World    
football,    PatrickTimmons     Playing   best football     Arsenal career   https         SsDtsUdXMy
football,  want this   sink     Marshall beat Norte Dame     lost   Kansas     football     home   https           foCdhbIl
football,      want   football  
football,  ThePSUTroll   ZionTracy       PennStateFball   Coach Ander     STMCT Football   adamgorney   SWiltfong         remember   saying from years past       root   Penn State   anyone that   playing pitt           still feel that          
football,Friday Night Lights   Chief resident Selam Eromo working   sidelines     local high school football game   https         Xqzm XhCvu
football,    MetaCupGames   MetaCup     great decentralized football world   coming             Follow   Retweet               friends   yours     Join      
football,  charbondor         Nomprenoms         BeFootball           hors     serait temps   apprendre     gles   football     peut     hors   seulement avec   parti   corps avec laquelle   peut marquer donc     paule       bras   cette action       paule sous   importe quel angle   align     pied   Ismaily
football,INTERCEPTED           Gerald Smith       Panthers Ball                   PVAMU https                    
football,Welp   Everyone   checked         football season     only took     weeks  
football,    feeling     VolNation https             YEiMU  
football,                love college football   Upset after upset today
football,    caleb   thrasher   auburn football https         lyWVTUcJNB
football,    Tiger         Great team   over Nashua South today           final   Scored     touchdowns today getting ready   next week             SportsMedia  
football,    Dawg Post   KIRBY             thing   need       play     need   play football  
football,Someone give     good reason   shouldn   call   sick tomorrow   watch football    
football,  have football       House     Bows ball first     HawaiiFB
football,    Damski           Falcons football really tomorrow    
football,      dissolve   football program   focus   assets   every other sport
football,    ZionTracy                   COMMITTED           PennStateFball   Coach Ander     STMCT Football   adamgorney   SWiltfong       https         cMPBP GvDm
football,    BetRivers       today     Marshall                 Appalachian State                 Washington State                   Only   college football       https    
football,    FDSportsbook     FOOTBALL   BACK       Caleb Williams goes   Jordan Addison         -yard BOMB                       https         WKUJhj    
football,      today with football
football,    CFBHome   Their first       games   Texas       head football coach                                                                       https         ZxeIVIQ  
football,  AdequateEmily College football       rich   richer   taken     next level
football,  love     weekend   football never stops with     game   Friday Night   Florida game tonight   then   season opener with   Miami Dolphins         going     game tomorrow       just   excited   tomorrow even though   game tonight     whole vibe      
football,  THEUNebraska   well coached teams   Football  
football,    SteveMcCleary   Lawrence does   have   roads       football town       here    
football,  RonCookPG serious question     that screen pass late         quarter that       tying     only     Pitt                   coordinator needs educated   football           Best     stop   aggressive pass rush   help   your  
football,What       Penn State                 victory over Ohio earlier           secure   commitment         most underrated players               class   Zion Tracy         ZionTracy                       -yard dash when   visited this summer     https           VGUE    
football,    harbyb adeosun     Lewandoski   whoever   said       Ansu fati will   back     best     time   feran   Depay       better  
football,    swankywolverine   MICHIGAN FOOTBALL GIVEAWAY   Giving     Swanky Wolverine bucket   today   gameday             this tweet       Must      
football,    CFBHome   Their first       games   Texas       head football coach                                                                       https         ZxeIVIQ  
football,    CFBHome   Their first       games   Texas       head football coach                                                                       https         ZxeIVIQ  
football,    ALOTO   Watch       Welsh football team   they have   michaelsheen giving   motivational speech     Cymru https             lpDzXx
football,    SNFonNBC   From   GOAT   another           GoBucs       DallasCowboys   Sunday Night Football   https         qrNDqbRSEq
football,  benzkenney Most entertaining cluster     college football  
football,    SECNetwork   This         coachjoshheupel         Football https         FePhngBqIl
football,  yankeesAve   marioagomez         gonna watch football   also watch   yankees game
football,    CWillTV   Ready     night   football with   view                 Baylor                 kicks           minutes   https         lGoa SNlgX
football,    Football   zach schmit       will take literally   points
football,    Kwarms       Some insane dribbles   football https             tgILcB
football,Schmit                                           Gabriel                             Mims                         Your calls   texts     tweets   Football Feedback     WWLSGameday
football,  Football   Tweet       even going there     takes some people more time   adjust     city life   Lets   what happens this year  
football,  SKathlina   TThack       KyleTucker   This   helpful advice           hope someone     football dept reads this   passes   along
football,              proud   Marshall today       fact that   baby cousin     true diehard Herd       there   witness   live   gosh     love college football  
football,    GaryLineker   Given   wonderful   moving scenes     Oval     feels   real shame that football     taking place this weekend      
football,    DidierRoustan   Dans     malheureusement   arrive       couvrir certaines fois             tard           encore         toujour  
football,    DanWolken     anyone   college football history ever paid more   this level   mediocrity than Texas               joke  
football,  AVFCStatto   better       There     reason   cancel         other sports     played football should     Ridiculous postponing todays match
football,  TheBasketballC   They   trying   Syracuse   pretty clearly   better football team   Playing videos doesn   change anything
football,West Virginia Football Fans Treated   Speech from Basketball Hall   Fame   Huggins     https         vwkEA         https                 Azka  
football,    PeterBurnsESPN   College football   truly   best  
football,  TomVH       Kentucky effect     those     stars     team chemistry   same with this   garbage       going   ruin college football
football,    DrPatP     amccullough           insanely lucky   have   amazing people coaching   flagships   football     state   Utah          
football,    eric   thompson   Pretty nice     football   https             Tyko  
football,    LanceTHESPOKEN   What gets lost               Divisional matchup between   Chiefs   Bills that many   myself included   consider      
football,Update     LOVE FOOTBALL
football,    TeIeFoolball   Exclusive     MattLawDT Betrayal   Chelsea     Boehly   Potter   been exchanging messages   WhatsApp   weeks while  
football,Football   impact   amazing https         LDOOA    
football,    Glazerspissoff     unitedagainstglazers     Jack Flintham     Diego Forlan slams Glazer family over Manchester United failures     Urugua  
football,    theScoreBet             Wisconsin UPSET           Notre Dame UPSET           Texas       UPSET             Pittsburgh UPSET             Houston UPSET        
football,      just   watching college football         Then watch       tomorrow   time   mute some  
football,            northernrovers           AUFC   Bloomfield does well     into   attacking position     ball leaves       Richards finds   ball     feet   shoots             keeper           Football     KateSheppardCup   UnitedTogether
football,    jonus           WillcoxCowboys bring home     Rival game trophy with their             over Benson     EvannTru scooped   this fumble   taking  
football,    oregonfootball       SeanDollars throws   block       four does   rest       GoDucks         https         OaWKA     https           gUyJpcm
football,    BarstoolBigCat   Iowa   Wisconsin   going       worst game   Football ever played
football,  LibertyFootball   DennisOsagiede     TreshaunClark     KendyCharles         fumble   football   that spot   Ridiculous    
football,    UTDTrey   Football would really   rock bottom without Premier League football   today just confirms that these other leagues     matc  
football,  AndreaKatSTL   State             they   building   good football program   That       team made     slow unathletic guys   could never     play                         legit   Almost   last week        
football,  KiukRyan           romantic about college football  
football,auburn football https         lyWVTUcJNB
football,    ObongRoviel       Liga   dominating   Real Madrid   Barcelona       Bros   Football   dominated   Real Madrid   Barcelona   just    
football,    Bill Martin     Poll ROAD Wins Over Top-     Teams Last       Football Coaches       coachjoshheupel                         Pruitt                
football,      glad football   back     amount   baseball     been watching   been absolutely unacceptable
football,  best     college football only rushed         yards today    
football,  qwofyelement They     giants   world football     generation
football,    UMichFootball     greatest helmet       football https         GlXgwN    
football,      drewmillerr     Week       Battle                 broke   school single game passing yard record with         yards passing           total    
football,    FCBarcelona   Today   there were more important things than football   https         MMwjN KzLD
football,      Auburn always plays their best football         half   right  
football,Turnover leads   points     board           OUDNA https         cgrW    
football,    derrickpearson   Nebraska football       HuskerFBNation         TheTicket     Huskers https                  
football,    PoojaMedia     Leipzig sacked their coach       defeated high-flying Dortmund             Football   magical  
football,      mashima                                                                                             thisisCAPITTEN   capitten   CaptainTsubasa                               football   soccer            
football,    HistorianTennis     pre-match pageantry                 Open women   final between Venus   Serena         much hype that   became  
football,Football Week           Joseph Cath defeated   Christian Life           wiaafb
football,  giannivanzetti           eine Welt       Kentucky   Football ernstnehmen muss  
football,  EliseMWoodward     Football   MaxBrowne         Network Elise   remember when   replace   Schwartz Factor     sidelines       Husky football radio broadcasts     were great today     play-by-play   just excellent       reminded often     Rondeau   Keep     good work  
football,        sSportsNStuff             concession stand   playing catch     side field   what high school football games were   about      
football,    MiamiDolphins     opportunity   rise     occasion       season   Miami Dolphins football   here         FinsUp     Narrated     ojmcdu  
football,  sexysportslover Smart                 hours   commercial free football
football,    sportbible   Andres Iniesta     only player   football history   receive         Match   award   five different major finals    
football,Napoli   liverpool             ChampionsLeague   CadizBarca   Napoli   LiverpoolFC   football   napoliliverpool   Maradona   Italy https             lOaJgMHL
football,michigan football time   energy drink time   make this shit quick   easy   cover   spread  
football,  GiantsBetta     Hours   commercial free football https                
football,Chelsea lads will   grilling Cucurella   find   exactly what Potter   like https         BRTO   xwve
football,    have   continue   watch   football       tackle hand     first down     going   have   find   different team   root     Down   touchdowns   they   running basic   running plays  
football,    CoolHand Lucas   College football   awesome until   happens    
football,  bgsu     Football   BGSUBirds Amazing energy   bgsu https         pXRJFrNSB  
football,    there   Premier League matches   today   https         molidmKSp  
football,    Football   zach schmit     Need more lights
football,      Football   Great   have bearcat football alum   TonyBerryt talk with   players this morning about leadership   communication      
football,      football   caused     lifetime   sadness   three years
football,    football     tomorrow  
football,Someone needs   make   undefeated   conference play since               shirts   UMass football   Maybe     thing   https         RxpLsxoU  
football,    PanasheChig   Cancel culture   Black women from   Global South targeted   singled     abuse     billionaire       right wing media  
football,    ChoctawSports   Choctaws knock   Keiser   home opener   final             Recap                 https                     COTM https            
football,    thomasbeck           formally switching   allegiance   Michigan Wolverine football     Nebraska Huskers     embarrassment        
football,  SaintsSoulja They dont know football        
football,  boricuabc   Every word
football,    What       college football           https         ghrsiWvUoq
football,Drew Miller                     heck     performance Friday     Accuracy       Decision making   Colleges need         there boards before     gone       drewmillerr           recruiting   MaxPreps   SADER FOOTBALL https         FUsKlMrvdV
football,    Beauxmurray   College football back     football tomorrow   Fantasy football back       dropped   Madden dropped   Christmas   September      
football,    Ciga         spade     perfect           especially when                   given   time   perspective   really enjoy football    
football,  LeeceManley         play tackle until             Football   rough     body       thank   later     life  
football,    zbranner       Second half     turn       Lets   boys       time     back   playing Troy Trojan football        
football,    KSeaboldt   Kansas fans       yourselves   football team  
football,  Fred Bird         JamesJo                     Football Fred           around   Twitter much     This meme   been around   ages       actually shocked   showed   here     BGSU Football Twitter page though   credit     poster   going   extra mile      
football,Como         gustar   College Football   https           ePaZp    
football,    missdeepo     football fans     last     https         PsDX   hoHf
football,  kebbyruxpin Watchin football    
football,                RPaul   dworms       Stuckey     pdizzlefoshiz   guess this   WORMS first time watching football  
football,    DickieV   What shocks   college football today     Appalachian State   beats     Texas             Marshall stuns Notre Dame     Both            
football,    DrJamesOlsson   JERSEY CITY   High School Football Player   Dead                 Died     sleep         Percy Lamont Brown found       -year-old  
football,    KenTremendous       thing about College Football   that every team         overpaid egomaniac     just root   every singl  
football,    ChasenScott   Andy Kotelnicki attempting   become   first offensive coordinator     history   organized football       questi  
football,    Football                    
football,Nothing better than   deep cleaned living room   fall decor     ready   football     tomorrow        
football,    GibbonNicola         NCAAF Streaming       NcaafStreamsTv       NCAA College Football games Live Streams Free     Oklahoma     Arizona State      
football,    BigGameBoomer   Brian Ferentz     worst Offensive Coordinator   College Football right           even close     Nepotism        
football,    MiamiDolphins     opportunity   rise     occasion       season   Miami Dolphins football   here         FinsUp     Narrated     ojmcdu  
football,Vote     Oklahoman   high school football player     week poll   Week     https                  
football,  mysexykiaramia Football       chill
football,    SmokeyLowdown       Football celebrating     locker room after                   over         Pitt     video   Parker Ball     story  
football,    GoVols         Everything   Vols coach Josh Heupel said after           Tennessee                           Pitt                             foot  
football,telling myself       really wanna                 tired   have   work again early tomorrow   then       clip from   beach football scene   https         umSNGvwNoL
football,  haven   made   charcuterie board     while       treat myself   Drewbie when     better   Football   wine     charcuterie   with   fire     after sounds perfect         simple girl  
football,  TravisTSC     Okay             take back   throwing shade remark   Congratulations   your football team      
football,Saturday College Football         Baylor Bears                 Units     Collab   millertimelocks     LIKE           DANCING       https         uXjLrZNDVq
football,    jayleeson   Here   what   know         years   Texas Tech football brought           MILLION   economic activity   Lubbock every home game  
premier league,    jorgitovaIdivia   inacredit         premier league porque morreu   mulher         anos           GABRIEL JESUS         isso  
premier league,    TrollFootball   Premier League fans watching other league fans enjoy football this weekend https         BvIUmbRhbW
premier league,    ErrorArbitralTR     bado           Premier League       bado          
premier league,    footbaIItheory     Premier League   only cancelled this weekend because they know Liverpool fans     show   respect during      
premier league,    UTDTrey   Football would really   rock bottom without Premier League football   today just confirms that these other leagues     matc  
premier league,  Mufc     Spaloniylomer   OBIdient       MrFilipeOrlando   took       competition from champions league   again last season     your   scorer     premier league       champions league   yeah     definitely       blame   conceding   least       every night          
premier league,    TrollFootball   Premier League fans watching Serie   this weekend     https         JhlJh cjZx
premier league,    there   Premier League matches   today   https         molidmKSp  
premier league,    FPLFledgling   Premier League fans after watching   Liga   entire weekend https         MYGlEGnIHq
premier league,    ErlingRoIe   Premier League fans after watching   Liga   entire weekend https         hfRXcFgJD  
premier league,    TrollFootball   Premier League fans watching Serie   this weekend     https         JhlJh cjZx
premier league,    TrollFootball   Premier League fans this weekend https         kqytb TFjC
premier league,    ESPNFC   Arsenal were   first   only Premier League football club   ever   invited   Buckingham Palace   afternoon   with    
premier league,    TrollFootball   Premier League fans watching Serie   this weekend     https         JhlJh cjZx
premier league,  DKSportsbook Leicester City       Premier League                  
premier league,    FrankKhalidUK   This     after   last     days     life     Prime Minister     Chelsea manager     King     Premier League footba  
premier league,    TrollFootball   Premier League fans this weekend https         kqytb TFjC
premier league,    Fcmelc   Comment     perdu sans Premier League lddddr
premier league,    FPLFledgling   Premier League fans after watching   Liga   entire weekend https         MYGlEGnIHq
premier league,Actualmente   ocho agentes libres disponibles para mudarse   Leeds   Newcastle     PremierLeague     tbolIngl   https         yxOQHnsUNl
premier league,    Suarezismo       Recordemos     Luis Suarez solo     mide   goles   tiene                   botas         pero     segundo jugador  
premier league,    Lacazest   Still     believe   only paid       million   Marquinhos     Cannot wait   watch more         Europa League     hopef  
premier league,    TrollFootball   Premier League fans watching other league fans enjoy football this weekend https         BvIUmbRhbW
premier league,  AnfieldWatch     Premier League           Champions League   Quater final           Round             League     Quater final
premier league,    TrollFootball   Premier League fans this weekend https         kqytb TFjC
premier league,    ESPNFC   Arsenal were   first   only Premier League football club   ever   invited   Buckingham Palace   afternoon   with    
premier league,    FPLFledgling   Premier League fans after watching   Liga   entire weekend https         MYGlEGnIHq
premier league,    LauryLdn   Mais Cinco       malade     XPTDRRRRRRRRR             reine elle   quoi     voir avec   Premier League       Wemba   kende  
premier league,    TrollFootball   Premier League fans this weekend https         kqytb TFjC
premier league,    ElGolGarracol     Premier League este     semana   https           sRLWSp
premier league,    Suarezismo       Recordemos     Luis Suarez solo     mide   goles   tiene                   botas         pero     segundo jugador  
premier league,    Orbinho             Arsenal   Premier League goals have been scored from inside     this season     highest proportion     Premier  
premier league,      COMENZADO         abierto         United Premier Soccer League         United   BUSA       https         qfDxXukcJ   https         SKscfbDl  
premier league,    TrollFootball   Premier League fans this weekend https         kqytb TFjC
premier league,    Lfcdadepressao   final   semana   Premier League     foda      
premier league,    GiveMeSport     most underrated player     Premier League             yours       https             OInNwwA
premier league,    Fcmelc   Comment     perdu sans Premier League lddddr
premier league,Grealish   gagne   premier League avec     buts https         cLkEH     https         fJWRdMDM  
premier league,    TrollFootball   Premier League fans this weekend https         kqytb TFjC
premier league,      Janty   Premier league fans after they watch LaLiga this weekend https               EEWFrK
premier league,    ESPNFC   Arsenal were   first   only Premier League football club   ever   invited   Buckingham Palace   afternoon   with    
premier league,    TrollFootball   Premier League fans this weekend https         kqytb TFjC
premier league,    Mohamed therad   Premier League fans after watching   French Ligue this weekend https           JPlRsHK
premier league,  basilebilo Honn tement   vais     premier match     lodrome         league   champions   suis tellement heureux    
premier league,    FrankKhalidUK   This     after   last     days     life     Prime Minister     Chelsea manager     King     Premier League footba  
premier league,    michael chessum   Strikes   suspended     Democratic conferences   suspended   Premier League   suspended     Work   profits   ongoing   Immigra  
premier league,    TrollFootball   Premier League fans this weekend https         kqytb TFjC
premier league,    LauryLdn   Mais Cinco       malade     XPTDRRRRRRRRR             reine elle   quoi     voir avec   Premier League       Wemba   kende  
premier league,    Lacazest   Still     believe   only paid       million   Marquinhos     Cannot wait   watch more         Europa League     hopef  
premier league,    ESPNFC   Arsenal were   first   only Premier League football club   ever   invited   Buckingham Palace   afternoon   with    
premier league,  MundoVeP premier league  
premier league,    runethfc   Kane     best striker     Premier League  
premier league,    footbaIItheory     Premier League   only cancelled this weekend because they know Liverpool fans     show   respect during      
premier league,    ShabanMo     First betPawa Premier League goal     Samuel Ashie Quaye scores against   Bechem United   week   https         Cdxm          
premier league,      JUEGO         abierto         United Premier Soccer League       FADP   Irvine       https         JzWPWfdXPP https         gvCZ    
premier league,    galactico mufc       weeks     Premier League games   then BOOM   there     international break                 https           CHbS ybHM
premier league,    FPLFledgling   Premier League fans after watching   Liga   entire weekend https         MYGlEGnIHq
premier league,    premierleague       mark   respect     Majesty Queen Elizabeth     this weekend   Premier League match round will   postponed  
premier league,                  BREAKING   Premier League matches this weekend         called     according     martynziegler     https         HtMUpsgFWu
premier league,    aifuenzalidag   EMOCIONA   CHILEAN PREMIER LEAGUE
premier league,    jorgitovaIdivia   inacredit         premier league porque morreu   mulher         anos           GABRIEL JESUS         isso  
premier league,  sabeexx   BabluMunnaPxked   UTDTrey Because squad rotation   easier   LaLiga     some     matches Madrid     Barca   field their academy team   still       Premier League   have   take every match seriously     more wear   tear     last       prem teams       finalists       winners  
premier league,    kremanuel     incre       Miguel layun   siga   darse cuenta   malo         todo   coraz     Miguel       Pero sale     presume  
premier league,Arsenal   Newcastle   enfrentar     Alex Grimaldo     PremierLeague     tbolIngl   https         UuwOgRABAz
premier league,    FPLFledgling   Premier League fans after watching   Liga   entire weekend https         MYGlEGnIHq
premier league,    TrollFootball   Premier League fans this weekend https         kqytb TFjC
premier league,  initialsbg   Brandon       MUnitedFR   parle     CARRI     fais expr         apprend   Ronaldo       pisser     premi   league pendant   premier passage                 claqu                 derni     hors norme         pour     match   abouti sans prepa         changer
premier league,  Mufc     Spaloniylomer   OBIdient       MrFilipeOrlando   always excuses       guys   using         third   premier league   scoring             make   feel better about       place finishes     even winning   EUROPA league   such   dusted club with dusted fans        
premier league,            Reuters Greta   crushing       Premier League this season https             CTSsvk
premier league,    AnarchicScouser   Makes   proud that Liverpool   Celtic brought       Premier League   SPFL               knees         people  
premier league,  naofalleoagusta   because klopp didnt walk     world     premier league winners along with             fresh talent
premier league,    ShabanMo         Emmanuel Agyemang Badu played       minutes   Great Olympics       first Premier League game     club     Your views      
premier league,    manlikebrock     Theopulenceman   premier league this weekend                 https         eHHeb    
premier league,    juventude ganhar   palmeiras   compro   passagem   londres   sequestro   ilha premier league   obrigo-o   trabalhar     fabrica   colchoes
premier league,    ErlingRoIe   Premier League fans after watching   Liga   entire weekend https         hfRXcFgJD  
premier league,    AbranCancha     Diablonga       rabe disfrutando juntos     ublense Palestino   nuestra Chilean Premier League       UBvsPALxTNTSports    
premier league,    jorgitovaIdivia   inacredit         premier league porque morreu   mulher         anos           GABRIEL JESUS         isso  
premier league,    AyoubKekra         football       sumer       Premier League    
premier league,      Janty   Premier League fans trying   pronounce     Liga   Ligue       Bundesliga teams they     watching this weekend   https        
premier league,    FPLFledgling   Premier League fans after watching   Liga   entire weekend https         MYGlEGnIHq
premier league,  EltonConcei   porcocast   SportsCenterBR Entendi   nada     expressa direito     mundial   intercontinental     mesmo peso         competi     diferentes   Tipo   antigo campeonato ingl       premier league     equivalente   nacional ingl    
premier league,    AnarchicScouser   Makes   proud that Liverpool   Celtic brought       Premier League   SPFL               knees         people  
premier league,    ErlingRoIe   Premier League fans after watching   Liga   entire weekend https         hfRXcFgJD  
premier league,Premier League fans this weekend               PremierLeague     https         iFkAg    
premier league,    FPLFledgling   Premier League fans after watching   Liga   entire weekend https         MYGlEGnIHq
premier league,    TrollFootball   Premier League fans this weekend https         kqytb TFjC
premier league,    ElGolGarracol     Premier League este     semana   https           sRLWSp
premier league,Joao     rompe   silencio sobre   inter     tiene   Manchester United         PremierLeague     tbolIngl   https         USUUKViywt
premier league,    ESPNFC   Arsenal were   first   only Premier League football club   ever   invited   Buckingham Palace   afternoon   with    
premier league,    UTDTrey   Football would really   rock bottom without Premier League football   today just confirms that these other leagues     matc  
premier league,    UTDTrey   Football would really   rock bottom without Premier League football   today just confirms that these other leagues     matc  
premier league,Tottenham will     Champions League     Premier League
premier league,    UTDTrey   Football would really   rock bottom without Premier League football   today just confirms that these other leagues     matc  
premier league,    FPLFledgling   Premier League fans after watching   Liga   entire weekend https         MYGlEGnIHq
premier league,    footbaIItheory     Premier League   only cancelled this weekend because they know Liverpool fans     show   respect during      
premier league,    sportbible   FULL STORY   https               lamu
premier league,    ESPNFC   Arsenal were   first   only Premier League football club   ever   invited   Buckingham Palace   afternoon   with    
premier league,    ESPNFC   Arsenal were   first   only Premier League football club   ever   invited   Buckingham Palace   afternoon   with    
premier league,    TrollFootball   Premier League fans this weekend https         kqytb TFjC
premier league,    ErlingRoIe   Premier League fans after watching   Liga   entire weekend https         hfRXcFgJD  
premier league,    Fcmelc   Comment     perdu sans Premier League lddddr
premier league,      Janty   Premier League fans trying   pronounce     Liga   Ligue       Bundesliga teams they     watching this weekend   https        
premier league,    TrollFootball   Premier League fans watching other league fans enjoy football this weekend https         BvIUmbRhbW
premier league,    JayDansinghani       LIVE   Match           Women   Premier League starts         mins from     HKCC have     toss   decided      
premier league,    FPLFledgling   Premier League fans after watching   Liga   entire weekend https         MYGlEGnIHq
premier league,    ErlingRoIe   Premier League fans after watching   Liga   entire weekend https         hfRXcFgJD  
premier league,    TrollFootball   Premier League fans watching other league fans enjoy football this weekend https         BvIUmbRhbW
premier league,    FPLFledgling   Premier League fans after watching   Liga   entire weekend https         MYGlEGnIHq
premier league,    TrollFootball   Premier League fans this weekend https         kqytb TFjC
premier league,    TrollFootball   Premier League fans this weekend https         kqytb TFjC
premier league,    louorns   Premier League   this season     post shot     goals allowed             quality     shot faced       small sample size klaxon    
premier league,    LIVE   Match           Women   Premier League starts         mins from     HKCC have     toss   decided     first   Catch     Commentary   Link below     WATCH   https         lbbgWLaPdX https         XDWAOEjjfG
premier league,  Jcheechola   UTDTrey   premier league side finish         Serie    
premier league,    sportbible     next weekend   games   called     FIFA       will     before   next Premier League game       https         QlsnPx  
premier league,  first goalkeeper   score   Premier League goal   Peter Schmeichel               Aston Villa   FIFA    
premier league,    TrollFootball   Premier League fans watching other league fans enjoy football this weekend https         BvIUmbRhbW
premier league,    AbranCancha     Programaci       fecha           Chilean Premier League https           Zqqt  
premier league,    TrollFootball   Premier League fans watching other league fans enjoy football this weekend https         BvIUmbRhbW
premier league,    ESPNFC   Arsenal were   first   only Premier League football club   ever   invited   Buckingham Palace   afternoon   with    
premier league,  Treasur Obasuyi   UTDTrey Everybody loves Mickey Mouse animation clubs that     they miss   premier league been bosses     Guardiola going     decade https         wteBf MrFb
premier league,  aburrido       semana   Premier League     apenas     nico partido                 Brest  
premier league,    sportbible     next weekend   games   called     FIFA       will     before   next Premier League game       https         QlsnPx  
premier league,    TrollFootball   Premier League fans this weekend https         kqytb TFjC
premier league,              Premier League fans after watching   Liga   entire weekend             KevinHart real https         MXClWCpD  
premier league,  ToonPolls Sadly they weren   called       respect   they were called   because they fear     image     premier league         doubt many would       postponement     never been   suggestion  
premier league,  registaco Burnley   premier league lagi musim depan    
premier league,    TrollFootball   Premier League fans watching Serie   this weekend     https         JhlJh cjZx
premier league,EMOCIONA   CHILEAN PREMIER LEAGUE https           DKfFQaB  
premier league,    FPLFledgling   Premier League fans after watching   Liga   entire weekend https         MYGlEGnIHq
premier league,  Kevin Maguire English people absolutely refuse   watch other football leagues               confident when saying   Premier league   miles better   they then watch their best teams lose   thoes other league   just   bash that team   spending           much   being shit after    
premier league,    ElGolGarracol   Cuando suspenden   Premier League   pero juegan Equidad   Envigado   https         PuPAIojOPa
premier league,    Lacazest   Still     believe   only paid       million   Marquinhos     Cannot wait   watch more         Europa League     hopef  
premier league,    kremanuel     incre       Miguel layun   siga   darse cuenta   malo         todo   coraz     Miguel       Pero sale     presume  
premier league,    TrollFootball   Premier League fans this weekend https         kqytb TFjC
premier league,    brfootball   OFFICIAL     Premier League announce that     this weekend   matches will   postponed following   death   Queen    
premier league,    pldadepressao       temido     semana   premier league chegou                   guerreiros
premier league,    TrollFootball   Premier League fans watching Serie   this weekend     https         JhlJh cjZx
premier league,    FunnyFTMoments   Since   Premier League   postponed         weeks     take   look back     funniest moments   this season        
premier league,    ESPNFC   Arsenal were   first   only Premier League football club   ever   invited   Buckingham Palace   afternoon   with    
premier league,    UTDTrey   Football would really   rock bottom without Premier League football   today just confirms that these other leagues     matc  
premier league,    ErlingRoIe   Premier League fans after watching   Liga   entire weekend https         hfRXcFgJD  
premier league,    ErlingRoIe   Premier League fans after watching   Liga   entire weekend https         hfRXcFgJD  
premier league,    FPLFledgling   Premier League fans after watching   Liga   entire weekend https         MYGlEGnIHq
premier league,      SuarezDoreski   Bruno Savio       Gigante   AlAhly     Nacional   castellano               Premier League           Champions   Africa              
premier league,    ErlingRoIe   Premier League fans after watching   Liga   entire weekend https         hfRXcFgJD  
premier league,    FunnyFTMoments   Since   Premier League   postponed         weeks     take   look back     funniest moments   this season        
premier league,Chelsea podr   volver   explorar   posibilidad   fichar     estrella         PremierLeague     tbolIngl   https             NzJU    
premier league,    TrollFootball   Premier League fans watching other league fans enjoy football this weekend https         BvIUmbRhbW
premier league,    FPLFledgling   Premier League fans after watching   Liga   entire weekend https         MYGlEGnIHq
premier league,    FPLFledgling   Premier League fans after watching   Liga   entire weekend https         MYGlEGnIHq
